{
  "testId" : "1-commititestovi-highres.gspec",
  "name" : "CommitiTestovi-HighRes.gspec",
  "report" : {
    "nodes" : [ {
      "name" : "Simple check",
      "status" : "info",
      "nodes" : [ {
        "name" : "check  CommitiTestovi-HighRes.gspec --url http://localhost/Commiti/commiti.html -size 1200x768 --htmlreport CommitiTestovi-HighRes",
        "status" : "info",
        "nodes" : [ {
          "name" : "Check layout: CommitiTestovi-HighRes.gspec included tags: ",
          "status" : "info",
          "time" : 1540919037516,
          "sections" : [ {
            "name" : "Header",
            "place" : {
              "filePath" : "CommitiTestovi-HighRes.gspec",
              "lineNumber" : 9
            },
            "objects" : [ {
              "name" : "header",
              "specs" : [ {
                "status" : "info",
                "place" : {
                  "filePath" : "CommitiTestovi-HighRes.gspec",
                  "lineNumber" : 11
                },
                "name" : "above glavniSadrzaj <= 5 px",
                "highlight" : [ "header", "glavniSadrzaj" ]
              } ]
            }, {
              "name" : "naslov",
              "specs" : [ {
                "status" : "info",
                "place" : {
                  "filePath" : "CommitiTestovi-HighRes.gspec",
                  "lineNumber" : 13
                },
                "name" : "text is \"Pregled commita\"",
                "highlight" : [ "naslov" ]
              } ]
            } ]
          }, {
            "name" : "Glavni sadrzaj",
            "place" : {
              "filePath" : "CommitiTestovi-HighRes.gspec",
              "lineNumber" : 15
            },
            "objects" : [ {
              "name" : "glavniSadrzaj",
              "specs" : [ {
                "status" : "info",
                "place" : {
                  "filePath" : "CommitiTestovi-HighRes.gspec",
                  "lineNumber" : 17
                },
                "name" : "above footer <5px",
                "highlight" : [ "glavniSadrzaj", "footer" ]
              }, {
                "status" : "info",
                "place" : {
                  "filePath" : "CommitiTestovi-HighRes.gspec",
                  "lineNumber" : 18
                },
                "name" : "contains table",
                "highlight" : [ "glavniSadrzaj", "table" ]
              } ]
            } ]
          }, {
            "name" : "Footer",
            "place" : {
              "filePath" : "CommitiTestovi-HighRes.gspec",
              "lineNumber" : 20
            },
            "objects" : [ {
              "name" : "footerText",
              "specs" : [ {
                "status" : "info",
                "place" : {
                  "filePath" : "CommitiTestovi-HighRes.gspec",
                  "lineNumber" : 22
                },
                "name" : "text is \"Web tehnologije 2018/19\"",
                "highlight" : [ "footerText" ]
              } ]
            } ]
          } ],
          "objects" : {
            "glavniSadrzaj" : {
              "area" : [ 0, 111, 1169, 687 ]
            },
            "naslov" : {
              "area" : [ 885, 32, 272, 46 ]
            },
            "footerText" : {
              "area" : [ 11, 816, 242, 28 ]
            },
            "footer" : {
              "area" : [ 0, 799, 1169, 63 ]
            },
            "header" : {
              "area" : [ 0, 0, 1169, 112 ]
            },
            "table" : {
              "area" : [ 58, 306, 631, 434 ]
            }
          },
          "screenshot" : "layout-1-screenshot.png",
          "type" : "layout"
        } ],
        "time" : 1540919036209,
        "type" : "node"
      } ],
      "time" : 1540919031967,
      "type" : "node"
    } ]
  }
}