{
  "testId" : "1-studentitestovi-lowres.gspec",
  "name" : "StudentiTestovi-LowRes.gspec",
  "report" : {
    "nodes" : [ {
      "name" : "Simple check",
      "status" : "info",
      "nodes" : [ {
        "name" : "check  StudentiTestovi-LowRes.gspec --url http://localhost/Studenti/studenti.html -size 300x300 --htmlreport izvjestaji",
        "status" : "info",
        "nodes" : [ {
          "name" : "Check layout: StudentiTestovi-LowRes.gspec included tags: ",
          "status" : "info",
          "time" : 1540915288625,
          "sections" : [ {
            "name" : "Centralni Sadrzaj",
            "place" : {
              "filePath" : "StudentiTestovi-LowRes.gspec",
              "lineNumber" : 10
            },
            "objects" : [ {
              "name" : "side",
              "specs" : [ {
                "status" : "info",
                "place" : {
                  "filePath" : "StudentiTestovi-LowRes.gspec",
                  "lineNumber" : 12
                },
                "name" : "below header <= 1px",
                "highlight" : [ "side", "header" ]
              }, {
                "status" : "info",
                "place" : {
                  "filePath" : "StudentiTestovi-LowRes.gspec",
                  "lineNumber" : 14
                },
                "name" : "width >= 99% of body/width",
                "highlight" : [ "side" ]
              }, {
                "status" : "info",
                "place" : {
                  "filePath" : "StudentiTestovi-LowRes.gspec",
                  "lineNumber" : 15
                },
                "name" : "above glavniSadrzaj <= 1px",
                "highlight" : [ "side", "glavniSadrzaj" ]
              }, {
                "status" : "info",
                "place" : {
                  "filePath" : "StudentiTestovi-LowRes.gspec",
                  "lineNumber" : 16
                },
                "name" : "contains list",
                "highlight" : [ "side", "list" ]
              } ]
            }, {
              "name" : "glavniSadrzaj",
              "specs" : [ {
                "status" : "info",
                "place" : {
                  "filePath" : "StudentiTestovi-LowRes.gspec",
                  "lineNumber" : 18
                },
                "name" : "below side <= 1px",
                "highlight" : [ "glavniSadrzaj", "side" ]
              }, {
                "status" : "info",
                "place" : {
                  "filePath" : "StudentiTestovi-LowRes.gspec",
                  "lineNumber" : 19
                },
                "name" : "width >= 99% of body/width",
                "highlight" : [ "glavniSadrzaj" ]
              }, {
                "status" : "info",
                "place" : {
                  "filePath" : "StudentiTestovi-LowRes.gspec",
                  "lineNumber" : 20
                },
                "name" : "above footer <= 1px",
                "highlight" : [ "glavniSadrzaj", "footer" ]
              }, {
                "status" : "info",
                "place" : {
                  "filePath" : "StudentiTestovi-LowRes.gspec",
                  "lineNumber" : 21
                },
                "name" : "contains table",
                "highlight" : [ "glavniSadrzaj", "table" ]
              } ]
            }, {
              "name" : "list",
              "specs" : [ {
                "status" : "info",
                "place" : {
                  "filePath" : "StudentiTestovi-LowRes.gspec",
                  "lineNumber" : 23
                },
                "name" : "centered horizontally inside side",
                "highlight" : [ "list", "side" ]
              } ]
            }, {
              "name" : "table",
              "specs" : [ {
                "status" : "info",
                "place" : {
                  "filePath" : "StudentiTestovi-LowRes.gspec",
                  "lineNumber" : 25
                },
                "name" : "centered horizontally inside glavniSadrzaj",
                "highlight" : [ "table", "glavniSadrzaj" ]
              } ]
            } ]
          } ],
          "objects" : {
            "side" : {
              "area" : [ 0, 158, 453, 475 ]
            },
            "glavniSadrzaj" : {
              "area" : [ 0, 633, 453, 342 ]
            },
            "footer" : {
              "area" : [ 0, 975, 453, 42 ]
            },
            "header" : {
              "area" : [ 0, 0, 453, 159 ]
            },
            "list" : {
              "area" : [ 87, 209, 278, 402 ]
            },
            "table" : {
              "area" : [ 68, 656, 317, 297 ]
            }
          },
          "screenshot" : "layout-1-screenshot.png",
          "type" : "layout"
        } ],
        "time" : 1540915287667,
        "type" : "node"
      } ],
      "time" : 1540915283452,
      "type" : "node"
    } ]
  }
}