{
  "testId" : "1-addgodina-lowres.gspec",
  "name" : "addGodina-LowRes.gspec",
  "report" : {
    "nodes" : [ {
      "name" : "Simple check",
      "status" : "info",
      "nodes" : [ {
        "name" : "check  addGodina-LowRes.gspec --url http://localhost/AddGodina/addGodina.html --size 300x300 --htmlreport AddGodina-LowRes",
        "status" : "info",
        "nodes" : [ {
          "name" : "Check layout: addGodina-LowRes.gspec included tags: ",
          "status" : "info",
          "time" : 1540928563302,
          "sections" : [ {
            "name" : "Main content",
            "place" : {
              "filePath" : "addGodina-LowRes.gspec",
              "lineNumber" : 8
            },
            "objects" : [ {
              "name" : "side",
              "specs" : [ {
                "status" : "info",
                "place" : {
                  "filePath" : "addGodina-LowRes.gspec",
                  "lineNumber" : 10
                },
                "name" : "width >= 99% of body/width",
                "highlight" : [ "side" ]
              } ]
            }, {
              "name" : "glavniSadrzaj",
              "specs" : [ {
                "status" : "info",
                "place" : {
                  "filePath" : "addGodina-LowRes.gspec",
                  "lineNumber" : 12
                },
                "name" : "width >= 99% of body/width",
                "highlight" : [ "glavniSadrzaj" ]
              } ]
            } ]
          } ],
          "objects" : {
            "side" : {
              "area" : [ 0, 158, 453, 379 ]
            },
            "glavniSadrzaj" : {
              "area" : [ 0, 537, 463, 377 ]
            }
          },
          "screenshot" : "layout-1-screenshot.png",
          "type" : "layout"
        } ],
        "time" : 1540928562365,
        "type" : "node"
      } ],
      "time" : 1540928557588,
      "type" : "node"
    } ]
  }
}