{
  "testId" : "1-headerfootertestsmallres.gspec",
  "name" : "HeaderFooterTestSmallRes.gspec",
  "report" : {
    "nodes" : [ {
      "name" : "Simple check",
      "status" : "info",
      "nodes" : [ {
        "name" : "check  HeaderFooterTestSmallRes.gspec --url http://localhost/Studenti/studenti.html -size 300x300 --htmlreport izvjestaji",
        "status" : "info",
        "nodes" : [ {
          "name" : "FileNotFoundException: HeaderFooterTestSmallRes.gspec",
          "status" : "error",
          "time" : 1540913649879,
          "stacktrace" : "java.io.FileNotFoundException: HeaderFooterTestSmallRes.gspec\r\n\tat com.galenframework.speclang2.pagespec.PageSpecReader.read(PageSpecReader.java:43)\r\n\tat com.galenframework.api.Galen.checkLayout(Galen.java:68)\r\n\tat com.galenframework.api.Galen.checkLayout(Galen.java:59)\r\n\tat com.galenframework.suite.actions.GalenPageActionCheck.execute(GalenPageActionCheck.java:53)\r\n\tat com.galenframework.runner.GalenPageRunner.executeAction(GalenPageRunner.java:84)\r\n\tat com.galenframework.runner.GalenPageRunner.run(GalenPageRunner.java:76)\r\n\tat com.galenframework.runner.GalenBasicTestRunner.runTest(GalenBasicTestRunner.java:76)\r\n\tat com.galenframework.tests.GalenBasicTest.execute(GalenBasicTest.java:55)\r\n\tat com.galenframework.TestRunnable.runTest(TestRunnable.java:75)\r\n\tat com.galenframework.TestRunnable.run(TestRunnable.java:101)\r\n\tat java.util.concurrent.ThreadPoolExecutor.runWorker(Unknown Source)\r\n\tat java.util.concurrent.ThreadPoolExecutor$Worker.run(Unknown Source)\r\n\tat java.lang.Thread.run(Unknown Source)\r\n",
          "type" : "node"
        } ],
        "time" : 1540913649852,
        "type" : "node"
      } ],
      "time" : 1540913645230,
      "type" : "node"
    } ]
  }
}