{
  "testId" : "1-headerfootertestovismallres.gspec",
  "name" : "HeaderFooterTestoviSmallRes.gspec",
  "report" : {
    "nodes" : [ {
      "name" : "Simple check",
      "status" : "info",
      "nodes" : [ {
        "name" : "check  HeaderFooterTestoviSmallRes.gspec --url http://localhost/Studenti/studenti.html -size 300x300 --htmlreport izvjestaji",
        "status" : "info",
        "nodes" : [ {
          "name" : "Check layout: HeaderFooterTestoviSmallRes.gspec included tags: ",
          "status" : "info",
          "time" : 1540914961053,
          "sections" : [ {
            "name" : "Header",
            "place" : {
              "filePath" : "HeaderFooterTestoviSmallRes.gspec",
              "lineNumber" : 11
            },
            "objects" : [ {
              "name" : "header",
              "specs" : [ {
                "status" : "info",
                "place" : {
                  "filePath" : "HeaderFooterTestoviSmallRes.gspec",
                  "lineNumber" : 13
                },
                "name" : "above side < 1px",
                "highlight" : [ "header", "side" ]
              } ]
            }, {
              "name" : "logo",
              "specs" : [ {
                "status" : "info",
                "place" : {
                  "filePath" : "HeaderFooterTestoviSmallRes.gspec",
                  "lineNumber" : 15
                },
                "name" : "inside header 2 to 10 px top left",
                "highlight" : [ "logo", "header" ]
              }, {
                "status" : "info",
                "place" : {
                  "filePath" : "HeaderFooterTestoviSmallRes.gspec",
                  "lineNumber" : 16
                },
                "name" : "near meni 4 to 10 px top",
                "highlight" : [ "logo", "meni" ]
              } ]
            }, {
              "name" : "meni",
              "specs" : [ {
                "status" : "info",
                "place" : {
                  "filePath" : "HeaderFooterTestoviSmallRes.gspec",
                  "lineNumber" : 18
                },
                "name" : "below logo 1 to 5 px",
                "highlight" : [ "meni", "logo" ]
              }, {
                "status" : "info",
                "place" : {
                  "filePath" : "HeaderFooterTestoviSmallRes.gspec",
                  "lineNumber" : 19
                },
                "name" : "above naziv < 5px",
                "highlight" : [ "meni", "naziv" ]
              } ]
            }, {
              "name" : "naziv",
              "specs" : [ {
                "status" : "info",
                "place" : {
                  "filePath" : "HeaderFooterTestoviSmallRes.gspec",
                  "lineNumber" : 21
                },
                "name" : "inside header <= 10px bottom",
                "highlight" : [ "naziv", "header" ]
              } ]
            } ]
          }, {
            "name" : "Footer",
            "place" : {
              "filePath" : "HeaderFooterTestoviSmallRes.gspec",
              "lineNumber" : 23
            },
            "objects" : [ {
              "name" : "footer",
              "specs" : [ {
                "status" : "info",
                "place" : {
                  "filePath" : "HeaderFooterTestoviSmallRes.gspec",
                  "lineNumber" : 25
                },
                "name" : "below glavniSadrzaj < 1px;",
                "highlight" : [ "footer", "glavniSadrzaj" ]
              } ]
            }, {
              "name" : "footerText",
              "specs" : [ {
                "status" : "info",
                "place" : {
                  "filePath" : "HeaderFooterTestoviSmallRes.gspec",
                  "lineNumber" : 27
                },
                "name" : "text is \"Web tehnologije 2018/19\"",
                "highlight" : [ "footerText" ]
              } ]
            } ]
          } ],
          "objects" : {
            "meni" : {
              "area" : [ 0, 58, 453, 54 ]
            },
            "side" : {
              "area" : [ 0, 158, 453, 475 ]
            },
            "glavniSadrzaj" : {
              "area" : [ 0, 633, 453, 342 ]
            },
            "footerText" : {
              "area" : [ 9, 985, 435, 23 ]
            },
            "footer" : {
              "area" : [ 0, 975, 453, 42 ]
            },
            "naziv" : {
              "area" : [ 0, 112, 453, 37 ]
            },
            "header" : {
              "area" : [ 0, 0, 453, 159 ]
            },
            "logo" : {
              "area" : [ 4, 4, 25, 50 ]
            }
          },
          "screenshot" : "layout-1-screenshot.png",
          "type" : "layout"
        } ],
        "time" : 1540914960047,
        "type" : "node"
      } ],
      "time" : 1540914955791,
      "type" : "node"
    } ]
  }
}