{
  "testId" : "1-zadacitestovi.gspec",
  "name" : "ZadaciTestovi.gspec",
  "report" : {
    "nodes" : [ {
      "name" : "Simple check",
      "status" : "info",
      "nodes" : [ {
        "name" : "check  ZadaciTestovi.gspec --url http://localhost/Zadaci/zadaci.html --size 1024x768 --htmlreport izvjestaji",
        "status" : "info",
        "nodes" : [ {
          "name" : "Check layout: ZadaciTestovi.gspec included tags: ",
          "status" : "info",
          "time" : 1540805951896,
          "sections" : [ {
            "name" : "Centralni Sadrzaj",
            "place" : {
              "filePath" : "ZadaciTestovi.gspec",
              "lineNumber" : 8
            },
            "objects" : [ {
              "name" : "polovina",
              "specs" : [ {
                "status" : "info",
                "place" : {
                  "filePath" : "ZadaciTestovi.gspec",
                  "lineNumber" : 10
                },
                "name" : "below header <= 1px",
                "highlight" : [ "polovina", "header" ]
              }, {
                "status" : "info",
                "place" : {
                  "filePath" : "ZadaciTestovi.gspec",
                  "lineNumber" : 12
                },
                "name" : "width >= 49% of body/width",
                "highlight" : [ "polovina" ]
              }, {
                "status" : "info",
                "place" : {
                  "filePath" : "ZadaciTestovi.gspec",
                  "lineNumber" : 13
                },
                "name" : "above footer <= 1px",
                "highlight" : [ "polovina", "footer" ]
              } ]
            }, {
              "name" : "cetvrtina",
              "specs" : [ {
                "status" : "info",
                "place" : {
                  "filePath" : "ZadaciTestovi.gspec",
                  "lineNumber" : 15
                },
                "name" : "below header <= 1px",
                "highlight" : [ "cetvrtina", "header" ]
              }, {
                "status" : "info",
                "place" : {
                  "filePath" : "ZadaciTestovi.gspec",
                  "lineNumber" : 16
                },
                "name" : "width >= 25% of body/width",
                "highlight" : [ "cetvrtina" ]
              }, {
                "status" : "info",
                "place" : {
                  "filePath" : "ZadaciTestovi.gspec",
                  "lineNumber" : 17
                },
                "name" : "above footer <= 1px",
                "highlight" : [ "cetvrtina", "footer" ]
              } ]
            } ]
          } ],
          "objects" : {
            "footer" : {
              "area" : [ 0, 488, 1010, 70 ]
            },
            "header" : {
              "area" : [ 0, 0, 1010, 107 ]
            },
            "polovina" : {
              "area" : [ 505, 106, 505, 100381 ]
            },
            "cetvrtina" : {
              "area" : [ 0, 106, 253, 100304 ]
            }
          },
          "screenshot" : "layout-1-screenshot.png",
          "type" : "layout"
        } ],
        "time" : 1540805950736,
        "type" : "node"
      } ],
      "time" : 1540805946495,
      "type" : "node"
    } ]
  }
}