{
  "testId" : "1-addgodina.gspec",
  "name" : "addGodina.gspec",
  "report" : {
    "nodes" : [ {
      "name" : "Simple check",
      "status" : "info",
      "nodes" : [ {
        "name" : "check  addGodina.gspec --url http://localhost/AddGodina/addGodina.html --size 1200x786 --htmlreport AddGodina",
        "status" : "info",
        "nodes" : [ {
          "name" : "Check layout: addGodina.gspec included tags: ",
          "status" : "info",
          "time" : 1540928414442,
          "sections" : [ {
            "name" : "Main content",
            "place" : {
              "filePath" : "addGodina.gspec",
              "lineNumber" : 8
            },
            "objects" : [ {
              "name" : "side",
              "specs" : [ {
                "status" : "info",
                "place" : {
                  "filePath" : "addGodina.gspec",
                  "lineNumber" : 10
                },
                "name" : "width >= 34% of body/width",
                "highlight" : [ "side" ]
              } ]
            }, {
              "name" : "glavniSadrzaj",
              "specs" : [ {
                "status" : "info",
                "place" : {
                  "filePath" : "addGodina.gspec",
                  "lineNumber" : 12
                },
                "name" : "width >= 64% of body/width",
                "highlight" : [ "glavniSadrzaj" ]
              } ]
            } ]
          } ],
          "objects" : {
            "side" : {
              "area" : [ 0, 111, 409, 100371 ]
            },
            "glavniSadrzaj" : {
              "area" : [ 409, 111, 760, 100455 ]
            }
          },
          "screenshot" : "layout-1-screenshot.png",
          "type" : "layout"
        } ],
        "time" : 1540928413122,
        "type" : "node"
      } ],
      "time" : 1540928408406,
      "type" : "node"
    } ]
  }
}