{
  "testId" : "1-addtestoviv1.gspec",
  "name" : "AddTestoviV1.gspec",
  "report" : {
    "nodes" : [ {
      "name" : "Simple check",
      "status" : "info",
      "nodes" : [ {
        "name" : "check  AddTestoviV1.gspec --url http://localhost/AddVjezba/addVjezba.html --size 1200x768 --htmlreport AddVjezba",
        "status" : "info",
        "nodes" : [ {
          "name" : "Check layout: AddTestoviV1.gspec included tags: ",
          "status" : "info",
          "time" : 1540927259479,
          "sections" : [ {
            "name" : "Header",
            "place" : {
              "filePath" : "AddTestoviV1.gspec",
              "lineNumber" : 7
            },
            "objects" : [ {
              "name" : "header",
              "specs" : [ {
                "status" : "info",
                "place" : {
                  "filePath" : "AddTestoviV1.gspec",
                  "lineNumber" : 9
                },
                "name" : "above glavniSadrzaj <= 5px",
                "highlight" : [ "header", "glavniSadrzaj" ]
              } ]
            } ]
          }, {
            "name" : "Glavni sadrzaj",
            "place" : {
              "filePath" : "AddTestoviV1.gspec",
              "lineNumber" : 11
            },
            "objects" : [ {
              "name" : "glavniSadrzaj",
              "specs" : [ {
                "status" : "info",
                "place" : {
                  "filePath" : "AddTestoviV1.gspec",
                  "lineNumber" : 13
                },
                "name" : "width >= 84% of body/width",
                "highlight" : [ "glavniSadrzaj" ]
              }, {
                "status" : "info",
                "place" : {
                  "filePath" : "AddTestoviV1.gspec",
                  "lineNumber" : 14
                },
                "name" : "above footer <= 5px",
                "highlight" : [ "glavniSadrzaj", "footer" ]
              } ]
            } ]
          } ],
          "objects" : {
            "glavniSadrzaj" : {
              "area" : [ 87, 111, 993, 1132 ]
            },
            "footer" : {
              "area" : [ 0, 1243, 1169, 75 ]
            },
            "header" : {
              "area" : [ 0, 0, 1169, 112 ]
            }
          },
          "screenshot" : "layout-1-screenshot.png",
          "type" : "layout"
        } ],
        "time" : 1540927258124,
        "type" : "node"
      } ],
      "time" : 1540927253495,
      "type" : "node"
    } ]
  }
}