{
  "testId" : "1-headerfootertestovi.gspec",
  "name" : "HeaderFooterTestovi.gspec",
  "report" : {
    "nodes" : [ {
      "name" : "Simple check",
      "status" : "info",
      "nodes" : [ {
        "name" : "check  HeaderFooterTestovi.gspec --url http://localhost/Studenti/studenti.html --size 1024x768 --htmlreport izvjestaji",
        "status" : "info",
        "nodes" : [ {
          "name" : "Check layout: HeaderFooterTestovi.gspec included tags: ",
          "status" : "info",
          "time" : 1540804399434,
          "sections" : [ {
            "name" : "Header",
            "place" : {
              "filePath" : "HeaderFooterTestovi.gspec",
              "lineNumber" : 12
            },
            "objects" : [ {
              "name" : "header",
              "specs" : [ {
                "status" : "info",
                "place" : {
                  "filePath" : "HeaderFooterTestovi.gspec",
                  "lineNumber" : 14
                },
                "name" : "above side < 1px",
                "highlight" : [ "header", "side" ]
              }, {
                "status" : "info",
                "place" : {
                  "filePath" : "HeaderFooterTestovi.gspec",
                  "lineNumber" : 15
                },
                "name" : "above glavniSadrzaj < 1px",
                "highlight" : [ "header", "glavniSadrzaj" ]
              } ]
            }, {
              "name" : "logo",
              "specs" : [ {
                "status" : "info",
                "place" : {
                  "filePath" : "HeaderFooterTestovi.gspec",
                  "lineNumber" : 17
                },
                "name" : "inside header 2 to 10 px top left",
                "highlight" : [ "logo", "header" ]
              }, {
                "status" : "info",
                "place" : {
                  "filePath" : "HeaderFooterTestovi.gspec",
                  "lineNumber" : 18
                },
                "name" : "near meni 4 to 10 px top",
                "highlight" : [ "logo", "meni" ]
              } ]
            }, {
              "name" : "meni",
              "specs" : [ {
                "status" : "info",
                "place" : {
                  "filePath" : "HeaderFooterTestovi.gspec",
                  "lineNumber" : 20
                },
                "name" : "inside header <= 1px bottom",
                "highlight" : [ "meni", "header" ]
              } ]
            } ]
          }, {
            "name" : "Footer",
            "place" : {
              "filePath" : "HeaderFooterTestovi.gspec",
              "lineNumber" : 22
            },
            "objects" : [ {
              "name" : "footer",
              "specs" : [ {
                "status" : "info",
                "place" : {
                  "filePath" : "HeaderFooterTestovi.gspec",
                  "lineNumber" : 24
                },
                "name" : "below side < 1px;",
                "highlight" : [ "footer", "side" ]
              }, {
                "status" : "info",
                "place" : {
                  "filePath" : "HeaderFooterTestovi.gspec",
                  "lineNumber" : 25
                },
                "name" : "below glavniSadrzaj < 1px;",
                "highlight" : [ "footer", "glavniSadrzaj" ]
              } ]
            }, {
              "name" : "footerText",
              "specs" : [ {
                "status" : "info",
                "place" : {
                  "filePath" : "HeaderFooterTestovi.gspec",
                  "lineNumber" : 27
                },
                "name" : "text is \"Web tehnologije 2018/19\"",
                "highlight" : [ "footerText" ]
              } ]
            } ]
          } ],
          "objects" : {
            "meni" : {
              "area" : [ 0, 63, 993, 43 ]
            },
            "side" : {
              "area" : [ 0, 106, 348, 100469 ]
            },
            "glavniSadrzaj" : {
              "area" : [ 347, 106, 645, 100440 ]
            },
            "footerText" : {
              "area" : [ 14, 591, 964, 23 ]
            },
            "footer" : {
              "area" : [ 0, 576, 993, 53 ]
            },
            "header" : {
              "area" : [ 0, 0, 993, 107 ]
            },
            "logo" : {
              "area" : [ 9, 9, 25, 50 ]
            }
          },
          "screenshot" : "layout-1-screenshot.png",
          "type" : "layout"
        } ],
        "time" : 1540804398215,
        "type" : "node"
      } ],
      "time" : 1540804393996,
      "type" : "node"
    } ]
  }
}