{
  "testId" : "1-zadacitestovi.gspec",
  "name" : "ZadaciTestovi.gspec",
  "report" : {
    "nodes" : [ {
      "name" : "Simple check",
      "status" : "info",
      "nodes" : [ {
        "name" : "check  ZadaciTestovi.gspec --url http://localhost/Zadaci/zadaci.html -size 1200x768 --htmlreport ZadaciTestovi-HighRes",
        "status" : "info",
        "nodes" : [ {
          "name" : "Check layout: ZadaciTestovi.gspec included tags: ",
          "status" : "info",
          "time" : 1540915844173,
          "sections" : [ {
            "name" : "Header",
            "place" : {
              "filePath" : "ZadaciTestovi.gspec",
              "lineNumber" : 8
            },
            "objects" : [ {
              "name" : "header",
              "specs" : [ {
                "status" : "info",
                "place" : {
                  "filePath" : "ZadaciTestovi.gspec",
                  "lineNumber" : 10
                },
                "name" : "above cetvrtina < 5px",
                "highlight" : [ "header", "cetvrtina" ]
              }, {
                "status" : "info",
                "place" : {
                  "filePath" : "ZadaciTestovi.gspec",
                  "lineNumber" : 11
                },
                "name" : "above polovina < 5px",
                "highlight" : [ "header", "polovina" ]
              } ]
            } ]
          }, {
            "name" : "Centralni Sadrzaj",
            "place" : {
              "filePath" : "ZadaciTestovi.gspec",
              "lineNumber" : 13
            },
            "objects" : [ {
              "name" : "polovina",
              "specs" : [ {
                "status" : "info",
                "place" : {
                  "filePath" : "ZadaciTestovi.gspec",
                  "lineNumber" : 15
                },
                "name" : "below header <= 1px",
                "highlight" : [ "polovina", "header" ]
              }, {
                "status" : "info",
                "place" : {
                  "filePath" : "ZadaciTestovi.gspec",
                  "lineNumber" : 17
                },
                "name" : "width >= 49% of body/width",
                "highlight" : [ "polovina" ]
              }, {
                "status" : "info",
                "place" : {
                  "filePath" : "ZadaciTestovi.gspec",
                  "lineNumber" : 18
                },
                "name" : "above footer <= 1px",
                "highlight" : [ "polovina", "footer" ]
              } ]
            }, {
              "name" : "cetvrtina",
              "specs" : [ {
                "status" : "info",
                "place" : {
                  "filePath" : "ZadaciTestovi.gspec",
                  "lineNumber" : 20
                },
                "name" : "below header <= 1px",
                "highlight" : [ "cetvrtina", "header" ]
              }, {
                "status" : "info",
                "place" : {
                  "filePath" : "ZadaciTestovi.gspec",
                  "lineNumber" : 21
                },
                "name" : "width >= 25% of body/width",
                "highlight" : [ "cetvrtina" ]
              }, {
                "status" : "info",
                "place" : {
                  "filePath" : "ZadaciTestovi.gspec",
                  "lineNumber" : 22
                },
                "name" : "above footer <= 1px",
                "highlight" : [ "cetvrtina", "footer" ]
              } ]
            } ]
          }, {
            "name" : "Footer",
            "place" : {
              "filePath" : "ZadaciTestovi.gspec",
              "lineNumber" : 24
            },
            "objects" : [ {
              "name" : "footer",
              "specs" : [ {
                "status" : "info",
                "place" : {
                  "filePath" : "ZadaciTestovi.gspec",
                  "lineNumber" : 26
                },
                "name" : "below cetvrtina <3px",
                "highlight" : [ "footer", "cetvrtina" ]
              }, {
                "status" : "info",
                "place" : {
                  "filePath" : "ZadaciTestovi.gspec",
                  "lineNumber" : 27
                },
                "name" : "below polovina <3px",
                "highlight" : [ "footer", "polovina" ]
              } ]
            } ]
          } ],
          "objects" : {
            "footer" : {
              "area" : [ 0, 519, 1186, 73 ]
            },
            "header" : {
              "area" : [ 0, 0, 1186, 112 ]
            },
            "polovina" : {
              "area" : [ 593, 112, 593, 100406 ]
            },
            "cetvrtina" : {
              "area" : [ 0, 112, 297, 100307 ]
            }
          },
          "screenshot" : "layout-1-screenshot.png",
          "type" : "layout"
        } ],
        "time" : 1540915842948,
        "type" : "node"
      } ],
      "time" : 1540915838688,
      "type" : "node"
    } ]
  }
}