{
  "testId" : "1-logintestovi.gspec",
  "name" : "LoginTestovi.gspec",
  "report" : {
    "nodes" : [ {
      "name" : "Simple check",
      "status" : "info",
      "nodes" : [ {
        "name" : "check  LoginTestovi.gspec --url http://localhost/Login/login.html --size 1024x768 --htmlreport izvjestaji",
        "status" : "info",
        "nodes" : [ {
          "name" : "Check layout: LoginTestovi.gspec included tags: ",
          "status" : "info",
          "time" : 1540804424184,
          "sections" : [ {
            "name" : "Main section",
            "place" : {
              "filePath" : "LoginTestovi.gspec",
              "lineNumber" : 5
            },
            "objects" : [ {
              "name" : "login",
              "specs" : [ {
                "status" : "info",
                "place" : {
                  "filePath" : "LoginTestovi.gspec",
                  "lineNumber" : 7
                },
                "name" : "centered horizontally inside screen",
                "highlight" : [ "login", "screen" ]
              }, {
                "status" : "info",
                "place" : {
                  "filePath" : "LoginTestovi.gspec",
                  "lineNumber" : 8
                },
                "name" : "centered vertically inside screen",
                "highlight" : [ "login", "screen" ]
              } ]
            }, {
              "name" : "form",
              "specs" : [ {
                "status" : "info",
                "place" : {
                  "filePath" : "LoginTestovi.gspec",
                  "lineNumber" : 10
                },
                "name" : "centered horizontally inside login",
                "highlight" : [ "form", "login" ]
              }, {
                "status" : "info",
                "place" : {
                  "filePath" : "LoginTestovi.gspec",
                  "lineNumber" : 11
                },
                "name" : "centered vertically inside login",
                "highlight" : [ "form", "login" ]
              }, {
                "status" : "info",
                "place" : {
                  "filePath" : "LoginTestovi.gspec",
                  "lineNumber" : 12
                },
                "name" : "centered horizontally inside screen",
                "highlight" : [ "form", "screen" ]
              }, {
                "status" : "info",
                "place" : {
                  "filePath" : "LoginTestovi.gspec",
                  "lineNumber" : 13
                },
                "name" : "centered vertically inside screen",
                "highlight" : [ "form", "screen" ]
              } ]
            } ]
          } ],
          "objects" : {
            "form" : {
              "area" : [ 406, 239, 197, 127 ]
            },
            "screen" : {
              "area" : [ 0, 0, 1010, 606 ]
            },
            "login" : {
              "area" : [ 308, 175, 394, 254 ]
            }
          },
          "screenshot" : "layout-1-screenshot.png",
          "type" : "layout"
        } ],
        "time" : 1540804423131,
        "type" : "node"
      } ],
      "time" : 1540804418896,
      "type" : "node"
    } ]
  }
}