{
  "testId" : "1-studentitestovi.gspec",
  "name" : "StudentiTestovi.gspec",
  "report" : {
    "nodes" : [ {
      "name" : "Simple check",
      "status" : "info",
      "nodes" : [ {
        "name" : "check  StudentiTestovi.gspec --url http://localhost/Studenti/studenti.html --size 1024x768 --htmlreport izvjestaji",
        "status" : "info",
        "nodes" : [ {
          "name" : "Check layout: StudentiTestovi.gspec included tags: ",
          "status" : "info",
          "time" : 1540804554222,
          "sections" : [ {
            "name" : "Centralni Sadrzaj",
            "place" : {
              "filePath" : "StudentiTestovi.gspec",
              "lineNumber" : 10
            },
            "objects" : [ {
              "name" : "side",
              "specs" : [ {
                "status" : "info",
                "place" : {
                  "filePath" : "StudentiTestovi.gspec",
                  "lineNumber" : 12
                },
                "name" : "below header <= 1px",
                "highlight" : [ "side", "header" ]
              }, {
                "status" : "info",
                "place" : {
                  "filePath" : "StudentiTestovi.gspec",
                  "lineNumber" : 14
                },
                "name" : "width >= 34% of body/width",
                "highlight" : [ "side" ]
              }, {
                "status" : "info",
                "place" : {
                  "filePath" : "StudentiTestovi.gspec",
                  "lineNumber" : 15
                },
                "name" : "above footer <= 1px",
                "highlight" : [ "side", "footer" ]
              }, {
                "status" : "info",
                "place" : {
                  "filePath" : "StudentiTestovi.gspec",
                  "lineNumber" : 16
                },
                "name" : "contains list",
                "highlight" : [ "side", "list" ]
              } ]
            }, {
              "name" : "glavniSadrzaj",
              "specs" : [ {
                "status" : "info",
                "place" : {
                  "filePath" : "StudentiTestovi.gspec",
                  "lineNumber" : 18
                },
                "name" : "below header <= 1px",
                "highlight" : [ "glavniSadrzaj", "header" ]
              }, {
                "status" : "info",
                "place" : {
                  "filePath" : "StudentiTestovi.gspec",
                  "lineNumber" : 19
                },
                "name" : "width >= 64% of body/width",
                "highlight" : [ "glavniSadrzaj" ]
              }, {
                "status" : "info",
                "place" : {
                  "filePath" : "StudentiTestovi.gspec",
                  "lineNumber" : 20
                },
                "name" : "above footer <= 1px",
                "highlight" : [ "glavniSadrzaj", "footer" ]
              }, {
                "status" : "info",
                "place" : {
                  "filePath" : "StudentiTestovi.gspec",
                  "lineNumber" : 21
                },
                "name" : "contains table",
                "highlight" : [ "glavniSadrzaj", "table" ]
              } ]
            }, {
              "name" : "list",
              "specs" : [ {
                "status" : "info",
                "place" : {
                  "filePath" : "StudentiTestovi.gspec",
                  "lineNumber" : 23
                },
                "name" : "centered horizontally inside side",
                "highlight" : [ "list", "side" ]
              } ]
            }, {
              "name" : "table",
              "specs" : [ {
                "status" : "info",
                "place" : {
                  "filePath" : "StudentiTestovi.gspec",
                  "lineNumber" : 25
                },
                "name" : "centered horizontally inside glavniSadrzaj",
                "highlight" : [ "table", "glavniSadrzaj" ]
              } ]
            } ]
          } ],
          "objects" : {
            "side" : {
              "area" : [ 0, 106, 348, 100469 ]
            },
            "glavniSadrzaj" : {
              "area" : [ 347, 106, 645, 100440 ]
            },
            "footer" : {
              "area" : [ 0, 576, 993, 53 ]
            },
            "header" : {
              "area" : [ 0, 0, 993, 107 ]
            },
            "list" : {
              "area" : [ 66, 174, 214, 402 ]
            },
            "table" : {
              "area" : [ 444, 138, 451, 377 ]
            }
          },
          "screenshot" : "layout-1-screenshot.png",
          "type" : "layout"
        } ],
        "time" : 1540804552969,
        "type" : "node"
      } ],
      "time" : 1540804548712,
      "type" : "node"
    } ]
  }
}