{
  "testId" : "1-addtestoviv1-lowres.gspec",
  "name" : "AddTestoviV1-LowRes.gspec",
  "report" : {
    "nodes" : [ {
      "name" : "Simple check",
      "status" : "info",
      "nodes" : [ {
        "name" : "check  AddTestoviV1-LowRes.gspec --url http://localhost/AddStudent/addStudent.html --size 300x300 --htmlreport AddStudent-LowRes",
        "status" : "info",
        "nodes" : [ {
          "name" : "Check layout: AddTestoviV1-LowRes.gspec included tags: ",
          "status" : "info",
          "time" : 1540927136979,
          "sections" : [ {
            "name" : "Header",
            "place" : {
              "filePath" : "AddTestoviV1-LowRes.gspec",
              "lineNumber" : 7
            },
            "objects" : [ {
              "name" : "header",
              "specs" : [ {
                "status" : "info",
                "place" : {
                  "filePath" : "AddTestoviV1-LowRes.gspec",
                  "lineNumber" : 9
                },
                "name" : "above glavniSadrzaj <= 5px",
                "highlight" : [ "header", "glavniSadrzaj" ]
              } ]
            } ]
          }, {
            "name" : "Glavni sadrzaj",
            "place" : {
              "filePath" : "AddTestoviV1-LowRes.gspec",
              "lineNumber" : 11
            },
            "objects" : [ {
              "name" : "glavniSadrzaj",
              "specs" : [ {
                "status" : "info",
                "place" : {
                  "filePath" : "AddTestoviV1-LowRes.gspec",
                  "lineNumber" : 13
                },
                "name" : "width >= 99% of body/width",
                "highlight" : [ "glavniSadrzaj" ]
              }, {
                "status" : "info",
                "place" : {
                  "filePath" : "AddTestoviV1-LowRes.gspec",
                  "lineNumber" : 14
                },
                "name" : "above footer <= 5px",
                "highlight" : [ "glavniSadrzaj", "footer" ]
              } ]
            } ]
          } ],
          "objects" : {
            "glavniSadrzaj" : {
              "area" : [ 0, 158, 453, 896 ]
            },
            "footer" : {
              "area" : [ 0, 1054, 453, 65 ]
            },
            "header" : {
              "area" : [ 0, 0, 453, 159 ]
            }
          },
          "screenshot" : "layout-1-screenshot.png",
          "type" : "layout"
        } ],
        "time" : 1540927136053,
        "type" : "node"
      } ],
      "time" : 1540927131451,
      "type" : "node"
    } ]
  }
}