{
  "testId" : "1-zadacitestovi-lowres.gspec",
  "name" : "ZadaciTestovi-LowRes.gspec",
  "report" : {
    "nodes" : [ {
      "name" : "Simple check",
      "status" : "info",
      "nodes" : [ {
        "name" : "check  ZadaciTestovi-LowRes.gspec --url http://localhost/Zadaci/zadaci.html -size 300x300 --htmlreport ZadaciTestovi-LowRes",
        "status" : "info",
        "nodes" : [ {
          "name" : "Check layout: ZadaciTestovi-LowRes.gspec included tags: ",
          "status" : "info",
          "time" : 1540918395125,
          "sections" : [ {
            "name" : "Header",
            "place" : {
              "filePath" : "ZadaciTestovi-LowRes.gspec",
              "lineNumber" : 14
            },
            "objects" : [ {
              "name" : "header",
              "specs" : [ {
                "status" : "info",
                "place" : {
                  "filePath" : "ZadaciTestovi-LowRes.gspec",
                  "lineNumber" : 16
                },
                "name" : "above main_container < 5px",
                "highlight" : [ "header", "main_container" ]
              } ]
            }, {
              "name" : "logo",
              "specs" : [ {
                "status" : "info",
                "place" : {
                  "filePath" : "ZadaciTestovi-LowRes.gspec",
                  "lineNumber" : 18
                },
                "name" : "inside header 2 to 10 px top left",
                "highlight" : [ "logo", "header" ]
              }, {
                "status" : "info",
                "place" : {
                  "filePath" : "ZadaciTestovi-LowRes.gspec",
                  "lineNumber" : 19
                },
                "name" : "near meni 4 to 10 px top",
                "highlight" : [ "logo", "meni" ]
              } ]
            }, {
              "name" : "meni",
              "specs" : [ {
                "status" : "info",
                "place" : {
                  "filePath" : "ZadaciTestovi-LowRes.gspec",
                  "lineNumber" : 21
                },
                "name" : "below logo 1 to 5 px",
                "highlight" : [ "meni", "logo" ]
              }, {
                "status" : "info",
                "place" : {
                  "filePath" : "ZadaciTestovi-LowRes.gspec",
                  "lineNumber" : 22
                },
                "name" : "above naziv < 5px",
                "highlight" : [ "meni", "naziv" ]
              } ]
            }, {
              "name" : "naziv",
              "specs" : [ {
                "status" : "info",
                "place" : {
                  "filePath" : "ZadaciTestovi-LowRes.gspec",
                  "lineNumber" : 24
                },
                "name" : "inside header <= 10px bottom",
                "highlight" : [ "naziv", "header" ]
              } ]
            } ]
          }, {
            "name" : "Centralni Sadrzaj",
            "place" : {
              "filePath" : "ZadaciTestovi-LowRes.gspec",
              "lineNumber" : 26
            },
            "objects" : [ {
              "name" : "polovina",
              "specs" : [ {
                "status" : "info",
                "place" : {
                  "filePath" : "ZadaciTestovi-LowRes.gspec",
                  "lineNumber" : 29
                },
                "name" : "width >= 99% of body/width",
                "highlight" : [ "polovina" ]
              }, {
                "status" : "info",
                "place" : {
                  "filePath" : "ZadaciTestovi-LowRes.gspec",
                  "lineNumber" : 30
                },
                "name" : "inside main_container < 20px bottom",
                "highlight" : [ "polovina", "main_container" ]
              } ]
            }, {
              "name" : "cetvrtina",
              "specs" : [ {
                "status" : "info",
                "place" : {
                  "filePath" : "ZadaciTestovi-LowRes.gspec",
                  "lineNumber" : 32
                },
                "name" : "width >= 99% of body/width",
                "highlight" : [ "cetvrtina" ]
              } ]
            } ]
          }, {
            "name" : "Footer",
            "place" : {
              "filePath" : "ZadaciTestovi-LowRes.gspec",
              "lineNumber" : 34
            },
            "objects" : [ {
              "name" : "footer",
              "specs" : [ {
                "status" : "info",
                "place" : {
                  "filePath" : "ZadaciTestovi-LowRes.gspec",
                  "lineNumber" : 36
                },
                "name" : "below main_container <3px",
                "highlight" : [ "footer", "main_container" ]
              } ]
            }, {
              "name" : "footerText",
              "specs" : [ {
                "status" : "info",
                "place" : {
                  "filePath" : "ZadaciTestovi-LowRes.gspec",
                  "lineNumber" : 38
                },
                "name" : "text is \"Web tehnologije 2018/19\"",
                "highlight" : [ "footerText" ]
              } ]
            } ]
          } ],
          "objects" : {
            "meni" : {
              "area" : [ 0, 58, 453, 54 ]
            },
            "main_container" : {
              "area" : [ 0, 158, 453, 1071 ]
            },
            "footerText" : {
              "area" : [ 4, 1250, 444, 18 ]
            },
            "footer" : {
              "area" : [ 0, 1230, 453, 59 ]
            },
            "naziv" : {
              "area" : [ 0, 112, 453, 37 ]
            },
            "header" : {
              "area" : [ 0, 0, 453, 159 ]
            },
            "logo" : {
              "area" : [ 4, 4, 25, 50 ]
            },
            "polovina" : {
              "area" : [ 0, 878, 453, 333 ]
            },
            "cetvrtina" : {
              "area" : [ 0, 173, 453, 301 ]
            }
          },
          "screenshot" : "layout-1-screenshot.png",
          "type" : "layout"
        } ],
        "time" : 1540918394026,
        "type" : "node"
      } ],
      "time" : 1540918389800,
      "type" : "node"
    } ]
  }
}